<?xml version="1.0" encoding="UTF-8" standalone="yes"?>
<addon id="repository.chikichiki" name="ChikiChiki Repository" version="1.0.0" provider-name="Abed_Sako">
    <extension point="xbmc.addon.repository" name="ChikiChikiTube">
        <dir>
            <info compressed="false">https://raw.githubusercontent.com/chikichikitube/repository.chikichiki/master/repo/zips/addons.xml</info>
            <checksum>https://raw.githubusercontent.com/chikichikitube/repository.chikichiki/master/repo/zips/addons.xml.md5</checksum>
            <datadir zip="true">https://raw.githubusercontent.com/chikichikitube/repository.chikichiki/master/repo/zips/</datadir>
        </dir>
    </extension>
    <extension point="xbmc.addon.metadata">
        <summary>ChikiChiki repository</summary>
        <description>Stream Gaki no tsukai, Wednesday Downtown and more</description>
        <disclaimer></disclaimer>
        <platform>all</platform>
        <assets>
            <icon>icon.png</icon>
            <fanart>fanart.png</fanart>
        </assets>
    </extension>
</addon>